alias_user0, alias.example.com, user0, example.com
alias_user1, alias.example.com, user1, example.com
alias_user2, alias.example.com, user2, example.com
alias_user3, alias.example.com, user3, example.com
alias_user4, alias.example.com, user4, example.com
alias_user5, alias.example.com, user5, example.com
alias_user6, alias.example.com, user6, example.com
alias_user7, alias.example.com, user7, example.com
alias_user8, alias.example.com, user8, example.com
alias_user9, alias.example.com, user9, example.com
alias_user10, alias.example.com, user10, example.com
alias_user11, alias.example.com, user11, example.com
alias_user12, alias.example.com, user12, example.com
alias_user13, alias.example.com, user13, example.com
alias_user14, alias.example.com, user14, example.com
alias_user15, alias.example.com, user15, example.com
alias_user16, alias.example.com, user16, example.com
alias_user17, alias.example.com, user17, example.com
alias_user18, alias.example.com, user18, example.com
alias_user19, alias.example.com, user19, example.com
alias_user20, alias.example.com, user20, example.com
alias_user21, alias.example.com, user21, example.com
alias_user22, alias.example.com, user22, example.com
alias_user23, alias.example.com, user23, example.com
alias_user24, alias.example.com, user24, example.com
alias_user25, alias.example.com, user25, example.com
alias_user26, alias.example.com, user26, example.com
alias_user27, alias.example.com, user27, example.com
alias_user28, alias.example.com, user28, example.com
alias_user29, alias.example.com, user29, example.com
alias_user30, alias.example.com, user30, example.com
alias_user31, alias.example.com, user31, example.com
alias_user32, alias.example.com, user32, example.com
alias_user33, alias.example.com, user33, example.com
alias_user34, alias.example.com, user34, example.com
alias_user35, alias.example.com, user35, example.com
alias_user36, alias.example.com, user36, example.com
alias_user37, alias.example.com, user37, example.com
alias_user38, alias.example.com, user38, example.com
alias_user39, alias.example.com, user39, example.com
alias_user40, alias.example.com, user40, example.com
alias_user41, alias.example.com, user41, example.com
alias_user42, alias.example.com, user42, example.com
alias_user43, alias.example.com, user43, example.com
alias_user44, alias.example.com, user44, example.com
alias_user45, alias.example.com, user45, example.com
alias_user46, alias.example.com, user46, example.com
alias_user47, alias.example.com, user47, example.com
alias_user48, alias.example.com, user48, example.com
alias_user49, alias.example.com, user49, example.com
alias_user50, alias.example.com, user50, example.com
alias_user51, alias.example.com, user51, example.com
alias_user52, alias.example.com, user52, example.com
alias_user53, alias.example.com, user53, example.com
alias_user54, alias.example.com, user54, example.com
alias_user55, alias.example.com, user55, example.com
alias_user56, alias.example.com, user56, example.com
alias_user57, alias.example.com, user57, example.com
alias_user58, alias.example.com, user58, example.com
alias_user59, alias.example.com, user59, example.com
alias_user60, alias.example.com, user60, example.com
alias_user61, alias.example.com, user61, example.com
alias_user62, alias.example.com, user62, example.com
alias_user63, alias.example.com, user63, example.com
alias_user64, alias.example.com, user64, example.com
alias_user65, alias.example.com, user65, example.com
alias_user66, alias.example.com, user66, example.com
alias_user67, alias.example.com, user67, example.com
alias_user68, alias.example.com, user68, example.com
alias_user69, alias.example.com, user69, example.com
alias_user70, alias.example.com, user70, example.com
alias_user71, alias.example.com, user71, example.com
alias_user72, alias.example.com, user72, example.com
alias_user73, alias.example.com, user73, example.com
alias_user74, alias.example.com, user74, example.com
alias_user75, alias.example.com, user75, example.com
alias_user76, alias.example.com, user76, example.com
alias_user77, alias.example.com, user77, example.com
alias_user78, alias.example.com, user78, example.com
alias_user79, alias.example.com, user79, example.com
alias_user80, alias.example.com, user80, example.com
alias_user81, alias.example.com, user81, example.com
alias_user82, alias.example.com, user82, example.com
alias_user83, alias.example.com, user83, example.com
alias_user84, alias.example.com, user84, example.com
alias_user85, alias.example.com, user85, example.com
alias_user86, alias.example.com, user86, example.com
alias_user87, alias.example.com, user87, example.com
alias_user88, alias.example.com, user88, example.com
alias_user89, alias.example.com, user89, example.com
alias_user90, alias.example.com, user90, example.com
alias_user91, alias.example.com, user91, example.com
alias_user92, alias.example.com, user92, example.com
alias_user93, alias.example.com, user93, example.com
alias_user94, alias.example.com, user94, example.com
alias_user95, alias.example.com, user95, example.com
alias_user96, alias.example.com, user96, example.com
alias_user97, alias.example.com, user97, example.com
alias_user98, alias.example.com, user98, example.com
alias_user99, alias.example.com, user99, example.com
alias_user100, alias.example.com, user100, example.com
alias_user101, alias.example.com, user101, example.com
alias_user102, alias.example.com, user102, example.com
alias_user103, alias.example.com, user103, example.com
alias_user104, alias.example.com, user104, example.com
alias_user105, alias.example.com, user105, example.com
alias_user106, alias.example.com, user106, example.com
alias_user107, alias.example.com, user107, example.com
alias_user108, alias.example.com, user108, example.com
alias_user109, alias.example.com, user109, example.com
alias_user110, alias.example.com, user110, example.com
alias_user111, alias.example.com, user111, example.com
alias_user112, alias.example.com, user112, example.com
alias_user113, alias.example.com, user113, example.com
alias_user114, alias.example.com, user114, example.com
alias_user115, alias.example.com, user115, example.com
alias_user116, alias.example.com, user116, example.com
alias_user117, alias.example.com, user117, example.com
alias_user118, alias.example.com, user118, example.com
alias_user119, alias.example.com, user119, example.com
alias_user120, alias.example.com, user120, example.com
alias_user121, alias.example.com, user121, example.com
alias_user122, alias.example.com, user122, example.com
alias_user123, alias.example.com, user123, example.com
alias_user124, alias.example.com, user124, example.com
alias_user125, alias.example.com, user125, example.com
alias_user126, alias.example.com, user126, example.com
alias_user127, alias.example.com, user127, example.com
alias_user128, alias.example.com, user128, example.com
alias_user129, alias.example.com, user129, example.com
alias_user130, alias.example.com, user130, example.com
alias_user131, alias.example.com, user131, example.com
alias_user132, alias.example.com, user132, example.com
alias_user133, alias.example.com, user133, example.com
alias_user134, alias.example.com, user134, example.com
alias_user135, alias.example.com, user135, example.com
alias_user136, alias.example.com, user136, example.com
alias_user137, alias.example.com, user137, example.com
alias_user138, alias.example.com, user138, example.com
alias_user139, alias.example.com, user139, example.com
alias_user140, alias.example.com, user140, example.com
alias_user141, alias.example.com, user141, example.com
alias_user142, alias.example.com, user142, example.com
alias_user143, alias.example.com, user143, example.com
alias_user144, alias.example.com, user144, example.com
alias_user145, alias.example.com, user145, example.com
alias_user146, alias.example.com, user146, example.com
alias_user147, alias.example.com, user147, example.com
alias_user148, alias.example.com, user148, example.com
alias_user149, alias.example.com, user149, example.com
alias_user150, alias.example.com, user150, example.com
alias_user151, alias.example.com, user151, example.com
alias_user152, alias.example.com, user152, example.com
alias_user153, alias.example.com, user153, example.com
alias_user154, alias.example.com, user154, example.com
alias_user155, alias.example.com, user155, example.com
alias_user156, alias.example.com, user156, example.com
alias_user157, alias.example.com, user157, example.com
alias_user158, alias.example.com, user158, example.com
alias_user159, alias.example.com, user159, example.com
alias_user160, alias.example.com, user160, example.com
alias_user161, alias.example.com, user161, example.com
alias_user162, alias.example.com, user162, example.com
alias_user163, alias.example.com, user163, example.com
alias_user164, alias.example.com, user164, example.com
alias_user165, alias.example.com, user165, example.com
alias_user166, alias.example.com, user166, example.com
alias_user167, alias.example.com, user167, example.com
alias_user168, alias.example.com, user168, example.com
alias_user169, alias.example.com, user169, example.com
alias_user170, alias.example.com, user170, example.com
alias_user171, alias.example.com, user171, example.com
alias_user172, alias.example.com, user172, example.com
alias_user173, alias.example.com, user173, example.com
alias_user174, alias.example.com, user174, example.com
alias_user175, alias.example.com, user175, example.com
alias_user176, alias.example.com, user176, example.com
alias_user177, alias.example.com, user177, example.com
alias_user178, alias.example.com, user178, example.com
alias_user179, alias.example.com, user179, example.com
alias_user180, alias.example.com, user180, example.com
alias_user181, alias.example.com, user181, example.com
alias_user182, alias.example.com, user182, example.com
alias_user183, alias.example.com, user183, example.com
alias_user184, alias.example.com, user184, example.com
alias_user185, alias.example.com, user185, example.com
alias_user186, alias.example.com, user186, example.com
alias_user187, alias.example.com, user187, example.com
alias_user188, alias.example.com, user188, example.com
alias_user189, alias.example.com, user189, example.com
alias_user190, alias.example.com, user190, example.com
alias_user191, alias.example.com, user191, example.com
alias_user192, alias.example.com, user192, example.com
alias_user193, alias.example.com, user193, example.com
alias_user194, alias.example.com, user194, example.com
alias_user195, alias.example.com, user195, example.com
alias_user196, alias.example.com, user196, example.com
alias_user197, alias.example.com, user197, example.com
alias_user198, alias.example.com, user198, example.com
alias_user199, alias.example.com, user199, example.com
alias_user200, alias.example.com, user200, example.com
alias_user201, alias.example.com, user201, example.com
alias_user202, alias.example.com, user202, example.com
alias_user203, alias.example.com, user203, example.com
alias_user204, alias.example.com, user204, example.com
alias_user205, alias.example.com, user205, example.com
alias_user206, alias.example.com, user206, example.com
alias_user207, alias.example.com, user207, example.com
alias_user208, alias.example.com, user208, example.com
alias_user209, alias.example.com, user209, example.com
alias_user210, alias.example.com, user210, example.com
alias_user211, alias.example.com, user211, example.com
alias_user212, alias.example.com, user212, example.com
alias_user213, alias.example.com, user213, example.com
alias_user214, alias.example.com, user214, example.com
alias_user215, alias.example.com, user215, example.com
alias_user216, alias.example.com, user216, example.com
alias_user217, alias.example.com, user217, example.com
alias_user218, alias.example.com, user218, example.com
alias_user219, alias.example.com, user219, example.com
alias_user220, alias.example.com, user220, example.com
alias_user221, alias.example.com, user221, example.com
alias_user222, alias.example.com, user222, example.com
alias_user223, alias.example.com, user223, example.com
alias_user224, alias.example.com, user224, example.com
alias_user225, alias.example.com, user225, example.com
alias_user226, alias.example.com, user226, example.com
alias_user227, alias.example.com, user227, example.com
alias_user228, alias.example.com, user228, example.com
alias_user229, alias.example.com, user229, example.com
alias_user230, alias.example.com, user230, example.com
alias_user231, alias.example.com, user231, example.com
alias_user232, alias.example.com, user232, example.com
alias_user233, alias.example.com, user233, example.com
alias_user234, alias.example.com, user234, example.com
alias_user235, alias.example.com, user235, example.com
alias_user236, alias.example.com, user236, example.com
alias_user237, alias.example.com, user237, example.com
alias_user238, alias.example.com, user238, example.com
alias_user239, alias.example.com, user239, example.com
alias_user240, alias.example.com, user240, example.com
alias_user241, alias.example.com, user241, example.com
alias_user242, alias.example.com, user242, example.com
alias_user243, alias.example.com, user243, example.com
alias_user244, alias.example.com, user244, example.com
alias_user245, alias.example.com, user245, example.com
alias_user246, alias.example.com, user246, example.com
alias_user247, alias.example.com, user247, example.com
alias_user248, alias.example.com, user248, example.com
alias_user249, alias.example.com, user249, example.com
alias_user250, alias.example.com, user250, example.com
alias_user251, alias.example.com, user251, example.com
alias_user252, alias.example.com, user252, example.com
alias_user253, alias.example.com, user253, example.com
alias_user254, alias.example.com, user254, example.com
alias_user255, alias.example.com, user255, example.com
alias_user256, alias.example.com, user256, example.com
alias_user257, alias.example.com, user257, example.com
alias_user258, alias.example.com, user258, example.com
alias_user259, alias.example.com, user259, example.com
alias_user260, alias.example.com, user260, example.com
alias_user261, alias.example.com, user261, example.com
alias_user262, alias.example.com, user262, example.com
alias_user263, alias.example.com, user263, example.com
alias_user264, alias.example.com, user264, example.com
alias_user265, alias.example.com, user265, example.com
alias_user266, alias.example.com, user266, example.com
alias_user267, alias.example.com, user267, example.com
alias_user268, alias.example.com, user268, example.com
alias_user269, alias.example.com, user269, example.com
alias_user270, alias.example.com, user270, example.com
alias_user271, alias.example.com, user271, example.com
alias_user272, alias.example.com, user272, example.com
alias_user273, alias.example.com, user273, example.com
alias_user274, alias.example.com, user274, example.com
alias_user275, alias.example.com, user275, example.com
alias_user276, alias.example.com, user276, example.com
alias_user277, alias.example.com, user277, example.com
alias_user278, alias.example.com, user278, example.com
alias_user279, alias.example.com, user279, example.com
alias_user280, alias.example.com, user280, example.com
alias_user281, alias.example.com, user281, example.com
alias_user282, alias.example.com, user282, example.com
alias_user283, alias.example.com, user283, example.com
alias_user284, alias.example.com, user284, example.com
alias_user285, alias.example.com, user285, example.com
alias_user286, alias.example.com, user286, example.com
alias_user287, alias.example.com, user287, example.com
alias_user288, alias.example.com, user288, example.com
alias_user289, alias.example.com, user289, example.com
alias_user290, alias.example.com, user290, example.com
alias_user291, alias.example.com, user291, example.com
alias_user292, alias.example.com, user292, example.com
alias_user293, alias.example.com, user293, example.com
alias_user294, alias.example.com, user294, example.com
alias_user295, alias.example.com, user295, example.com
alias_user296, alias.example.com, user296, example.com
alias_user297, alias.example.com, user297, example.com
alias_user298, alias.example.com, user298, example.com
alias_user299, alias.example.com, user299, example.com
alias_user300, alias.example.com, user300, example.com
alias_user301, alias.example.com, user301, example.com
alias_user302, alias.example.com, user302, example.com
alias_user303, alias.example.com, user303, example.com
alias_user304, alias.example.com, user304, example.com
alias_user305, alias.example.com, user305, example.com
alias_user306, alias.example.com, user306, example.com
alias_user307, alias.example.com, user307, example.com
alias_user308, alias.example.com, user308, example.com
alias_user309, alias.example.com, user309, example.com
alias_user310, alias.example.com, user310, example.com
alias_user311, alias.example.com, user311, example.com
alias_user312, alias.example.com, user312, example.com
alias_user313, alias.example.com, user313, example.com
alias_user314, alias.example.com, user314, example.com
alias_user315, alias.example.com, user315, example.com
alias_user316, alias.example.com, user316, example.com
alias_user317, alias.example.com, user317, example.com
alias_user318, alias.example.com, user318, example.com
alias_user319, alias.example.com, user319, example.com
alias_user320, alias.example.com, user320, example.com
alias_user321, alias.example.com, user321, example.com
alias_user322, alias.example.com, user322, example.com
alias_user323, alias.example.com, user323, example.com
alias_user324, alias.example.com, user324, example.com
alias_user325, alias.example.com, user325, example.com
alias_user326, alias.example.com, user326, example.com
alias_user327, alias.example.com, user327, example.com
alias_user328, alias.example.com, user328, example.com
alias_user329, alias.example.com, user329, example.com
alias_user330, alias.example.com, user330, example.com
alias_user331, alias.example.com, user331, example.com
alias_user332, alias.example.com, user332, example.com
alias_user333, alias.example.com, user333, example.com
alias_user334, alias.example.com, user334, example.com
alias_user335, alias.example.com, user335, example.com
alias_user336, alias.example.com, user336, example.com
alias_user337, alias.example.com, user337, example.com
alias_user338, alias.example.com, user338, example.com
alias_user339, alias.example.com, user339, example.com
alias_user340, alias.example.com, user340, example.com
alias_user341, alias.example.com, user341, example.com
alias_user342, alias.example.com, user342, example.com
alias_user343, alias.example.com, user343, example.com
alias_user344, alias.example.com, user344, example.com
alias_user345, alias.example.com, user345, example.com
alias_user346, alias.example.com, user346, example.com
alias_user347, alias.example.com, user347, example.com
alias_user348, alias.example.com, user348, example.com
alias_user349, alias.example.com, user349, example.com
alias_user350, alias.example.com, user350, example.com
alias_user351, alias.example.com, user351, example.com
alias_user352, alias.example.com, user352, example.com
alias_user353, alias.example.com, user353, example.com
alias_user354, alias.example.com, user354, example.com
alias_user355, alias.example.com, user355, example.com
alias_user356, alias.example.com, user356, example.com
alias_user357, alias.example.com, user357, example.com
alias_user358, alias.example.com, user358, example.com
alias_user359, alias.example.com, user359, example.com
alias_user360, alias.example.com, user360, example.com
alias_user361, alias.example.com, user361, example.com
alias_user362, alias.example.com, user362, example.com
alias_user363, alias.example.com, user363, example.com
alias_user364, alias.example.com, user364, example.com
alias_user365, alias.example.com, user365, example.com
alias_user366, alias.example.com, user366, example.com
alias_user367, alias.example.com, user367, example.com
alias_user368, alias.example.com, user368, example.com
alias_user369, alias.example.com, user369, example.com
alias_user370, alias.example.com, user370, example.com
alias_user371, alias.example.com, user371, example.com
alias_user372, alias.example.com, user372, example.com
alias_user373, alias.example.com, user373, example.com
alias_user374, alias.example.com, user374, example.com
alias_user375, alias.example.com, user375, example.com
alias_user376, alias.example.com, user376, example.com
alias_user377, alias.example.com, user377, example.com
alias_user378, alias.example.com, user378, example.com
alias_user379, alias.example.com, user379, example.com
alias_user380, alias.example.com, user380, example.com
alias_user381, alias.example.com, user381, example.com
alias_user382, alias.example.com, user382, example.com
alias_user383, alias.example.com, user383, example.com
alias_user384, alias.example.com, user384, example.com
alias_user385, alias.example.com, user385, example.com
alias_user386, alias.example.com, user386, example.com
alias_user387, alias.example.com, user387, example.com
alias_user388, alias.example.com, user388, example.com
alias_user389, alias.example.com, user389, example.com
alias_user390, alias.example.com, user390, example.com
alias_user391, alias.example.com, user391, example.com
alias_user392, alias.example.com, user392, example.com
alias_user393, alias.example.com, user393, example.com
alias_user394, alias.example.com, user394, example.com
alias_user395, alias.example.com, user395, example.com
alias_user396, alias.example.com, user396, example.com
alias_user397, alias.example.com, user397, example.com
alias_user398, alias.example.com, user398, example.com
alias_user399, alias.example.com, user399, example.com
alias_user400, alias.example.com, user400, example.com
alias_user401, alias.example.com, user401, example.com
alias_user402, alias.example.com, user402, example.com
alias_user403, alias.example.com, user403, example.com
alias_user404, alias.example.com, user404, example.com
alias_user405, alias.example.com, user405, example.com
alias_user406, alias.example.com, user406, example.com
alias_user407, alias.example.com, user407, example.com
alias_user408, alias.example.com, user408, example.com
alias_user409, alias.example.com, user409, example.com
alias_user410, alias.example.com, user410, example.com
alias_user411, alias.example.com, user411, example.com
alias_user412, alias.example.com, user412, example.com
alias_user413, alias.example.com, user413, example.com
alias_user414, alias.example.com, user414, example.com
alias_user415, alias.example.com, user415, example.com
alias_user416, alias.example.com, user416, example.com
alias_user417, alias.example.com, user417, example.com
alias_user418, alias.example.com, user418, example.com
alias_user419, alias.example.com, user419, example.com
alias_user420, alias.example.com, user420, example.com
alias_user421, alias.example.com, user421, example.com
alias_user422, alias.example.com, user422, example.com
alias_user423, alias.example.com, user423, example.com
alias_user424, alias.example.com, user424, example.com
alias_user425, alias.example.com, user425, example.com
alias_user426, alias.example.com, user426, example.com
alias_user427, alias.example.com, user427, example.com
alias_user428, alias.example.com, user428, example.com
alias_user429, alias.example.com, user429, example.com
alias_user430, alias.example.com, user430, example.com
alias_user431, alias.example.com, user431, example.com
alias_user432, alias.example.com, user432, example.com
alias_user433, alias.example.com, user433, example.com
alias_user434, alias.example.com, user434, example.com
alias_user435, alias.example.com, user435, example.com
alias_user436, alias.example.com, user436, example.com
alias_user437, alias.example.com, user437, example.com
alias_user438, alias.example.com, user438, example.com
alias_user439, alias.example.com, user439, example.com
alias_user440, alias.example.com, user440, example.com
alias_user441, alias.example.com, user441, example.com
alias_user442, alias.example.com, user442, example.com
alias_user443, alias.example.com, user443, example.com
alias_user444, alias.example.com, user444, example.com
alias_user445, alias.example.com, user445, example.com
alias_user446, alias.example.com, user446, example.com
alias_user447, alias.example.com, user447, example.com
alias_user448, alias.example.com, user448, example.com
alias_user449, alias.example.com, user449, example.com
alias_user450, alias.example.com, user450, example.com
alias_user451, alias.example.com, user451, example.com
alias_user452, alias.example.com, user452, example.com
alias_user453, alias.example.com, user453, example.com
alias_user454, alias.example.com, user454, example.com
alias_user455, alias.example.com, user455, example.com
alias_user456, alias.example.com, user456, example.com
alias_user457, alias.example.com, user457, example.com
alias_user458, alias.example.com, user458, example.com
alias_user459, alias.example.com, user459, example.com
alias_user460, alias.example.com, user460, example.com
alias_user461, alias.example.com, user461, example.com
alias_user462, alias.example.com, user462, example.com
alias_user463, alias.example.com, user463, example.com
alias_user464, alias.example.com, user464, example.com
alias_user465, alias.example.com, user465, example.com
alias_user466, alias.example.com, user466, example.com
alias_user467, alias.example.com, user467, example.com
alias_user468, alias.example.com, user468, example.com
alias_user469, alias.example.com, user469, example.com
alias_user470, alias.example.com, user470, example.com
alias_user471, alias.example.com, user471, example.com
alias_user472, alias.example.com, user472, example.com
alias_user473, alias.example.com, user473, example.com
alias_user474, alias.example.com, user474, example.com
alias_user475, alias.example.com, user475, example.com
alias_user476, alias.example.com, user476, example.com
alias_user477, alias.example.com, user477, example.com
alias_user478, alias.example.com, user478, example.com
alias_user479, alias.example.com, user479, example.com
alias_user480, alias.example.com, user480, example.com
alias_user481, alias.example.com, user481, example.com
alias_user482, alias.example.com, user482, example.com
alias_user483, alias.example.com, user483, example.com
alias_user484, alias.example.com, user484, example.com
alias_user485, alias.example.com, user485, example.com
alias_user486, alias.example.com, user486, example.com
alias_user487, alias.example.com, user487, example.com
alias_user488, alias.example.com, user488, example.com
alias_user489, alias.example.com, user489, example.com
alias_user490, alias.example.com, user490, example.com
alias_user491, alias.example.com, user491, example.com
alias_user492, alias.example.com, user492, example.com
alias_user493, alias.example.com, user493, example.com
alias_user494, alias.example.com, user494, example.com
alias_user495, alias.example.com, user495, example.com
alias_user496, alias.example.com, user496, example.com
alias_user497, alias.example.com, user497, example.com
alias_user498, alias.example.com, user498, example.com
alias_user499, alias.example.com, user499, example.com
alias_user500, alias.example.com, user500, example.com
alias_user501, alias.example.com, user501, example.com
alias_user502, alias.example.com, user502, example.com
alias_user503, alias.example.com, user503, example.com
alias_user504, alias.example.com, user504, example.com
alias_user505, alias.example.com, user505, example.com
alias_user506, alias.example.com, user506, example.com
alias_user507, alias.example.com, user507, example.com
alias_user508, alias.example.com, user508, example.com
alias_user509, alias.example.com, user509, example.com
alias_user510, alias.example.com, user510, example.com
alias_user511, alias.example.com, user511, example.com
alias_user512, alias.example.com, user512, example.com
alias_user513, alias.example.com, user513, example.com
alias_user514, alias.example.com, user514, example.com
alias_user515, alias.example.com, user515, example.com
alias_user516, alias.example.com, user516, example.com
alias_user517, alias.example.com, user517, example.com
alias_user518, alias.example.com, user518, example.com
alias_user519, alias.example.com, user519, example.com
alias_user520, alias.example.com, user520, example.com
alias_user521, alias.example.com, user521, example.com
alias_user522, alias.example.com, user522, example.com
alias_user523, alias.example.com, user523, example.com
alias_user524, alias.example.com, user524, example.com
alias_user525, alias.example.com, user525, example.com
alias_user526, alias.example.com, user526, example.com
alias_user527, alias.example.com, user527, example.com
alias_user528, alias.example.com, user528, example.com
alias_user529, alias.example.com, user529, example.com
alias_user530, alias.example.com, user530, example.com
alias_user531, alias.example.com, user531, example.com
alias_user532, alias.example.com, user532, example.com
alias_user533, alias.example.com, user533, example.com
alias_user534, alias.example.com, user534, example.com
alias_user535, alias.example.com, user535, example.com
alias_user536, alias.example.com, user536, example.com
alias_user537, alias.example.com, user537, example.com
alias_user538, alias.example.com, user538, example.com
alias_user539, alias.example.com, user539, example.com
alias_user540, alias.example.com, user540, example.com
alias_user541, alias.example.com, user541, example.com
alias_user542, alias.example.com, user542, example.com
alias_user543, alias.example.com, user543, example.com
alias_user544, alias.example.com, user544, example.com
alias_user545, alias.example.com, user545, example.com
alias_user546, alias.example.com, user546, example.com
alias_user547, alias.example.com, user547, example.com
alias_user548, alias.example.com, user548, example.com
alias_user549, alias.example.com, user549, example.com
alias_user550, alias.example.com, user550, example.com
alias_user551, alias.example.com, user551, example.com
alias_user552, alias.example.com, user552, example.com
alias_user553, alias.example.com, user553, example.com
alias_user554, alias.example.com, user554, example.com
alias_user555, alias.example.com, user555, example.com
alias_user556, alias.example.com, user556, example.com
alias_user557, alias.example.com, user557, example.com
alias_user558, alias.example.com, user558, example.com
alias_user559, alias.example.com, user559, example.com
alias_user560, alias.example.com, user560, example.com
alias_user561, alias.example.com, user561, example.com
alias_user562, alias.example.com, user562, example.com
alias_user563, alias.example.com, user563, example.com
alias_user564, alias.example.com, user564, example.com
alias_user565, alias.example.com, user565, example.com
alias_user566, alias.example.com, user566, example.com
alias_user567, alias.example.com, user567, example.com
alias_user568, alias.example.com, user568, example.com
alias_user569, alias.example.com, user569, example.com
alias_user570, alias.example.com, user570, example.com
alias_user571, alias.example.com, user571, example.com
alias_user572, alias.example.com, user572, example.com
alias_user573, alias.example.com, user573, example.com
alias_user574, alias.example.com, user574, example.com
alias_user575, alias.example.com, user575, example.com
alias_user576, alias.example.com, user576, example.com
alias_user577, alias.example.com, user577, example.com
alias_user578, alias.example.com, user578, example.com
alias_user579, alias.example.com, user579, example.com
alias_user580, alias.example.com, user580, example.com
alias_user581, alias.example.com, user581, example.com
alias_user582, alias.example.com, user582, example.com
alias_user583, alias.example.com, user583, example.com
alias_user584, alias.example.com, user584, example.com
alias_user585, alias.example.com, user585, example.com
alias_user586, alias.example.com, user586, example.com
alias_user587, alias.example.com, user587, example.com
alias_user588, alias.example.com, user588, example.com
alias_user589, alias.example.com, user589, example.com
alias_user590, alias.example.com, user590, example.com
alias_user591, alias.example.com, user591, example.com
alias_user592, alias.example.com, user592, example.com
alias_user593, alias.example.com, user593, example.com
alias_user594, alias.example.com, user594, example.com
alias_user595, alias.example.com, user595, example.com
alias_user596, alias.example.com, user596, example.com
alias_user597, alias.example.com, user597, example.com
alias_user598, alias.example.com, user598, example.com
alias_user599, alias.example.com, user599, example.com
alias_user600, alias.example.com, user600, example.com
alias_user601, alias.example.com, user601, example.com
alias_user602, alias.example.com, user602, example.com
alias_user603, alias.example.com, user603, example.com
alias_user604, alias.example.com, user604, example.com
alias_user605, alias.example.com, user605, example.com
alias_user606, alias.example.com, user606, example.com
alias_user607, alias.example.com, user607, example.com
alias_user608, alias.example.com, user608, example.com
alias_user609, alias.example.com, user609, example.com
alias_user610, alias.example.com, user610, example.com
alias_user611, alias.example.com, user611, example.com
alias_user612, alias.example.com, user612, example.com
alias_user613, alias.example.com, user613, example.com
alias_user614, alias.example.com, user614, example.com
alias_user615, alias.example.com, user615, example.com
alias_user616, alias.example.com, user616, example.com
alias_user617, alias.example.com, user617, example.com
alias_user618, alias.example.com, user618, example.com
alias_user619, alias.example.com, user619, example.com
alias_user620, alias.example.com, user620, example.com
alias_user621, alias.example.com, user621, example.com
alias_user622, alias.example.com, user622, example.com
alias_user623, alias.example.com, user623, example.com
alias_user624, alias.example.com, user624, example.com
alias_user625, alias.example.com, user625, example.com
alias_user626, alias.example.com, user626, example.com
alias_user627, alias.example.com, user627, example.com
alias_user628, alias.example.com, user628, example.com
alias_user629, alias.example.com, user629, example.com
alias_user630, alias.example.com, user630, example.com
alias_user631, alias.example.com, user631, example.com
alias_user632, alias.example.com, user632, example.com
alias_user633, alias.example.com, user633, example.com
alias_user634, alias.example.com, user634, example.com
alias_user635, alias.example.com, user635, example.com
alias_user636, alias.example.com, user636, example.com
alias_user637, alias.example.com, user637, example.com
alias_user638, alias.example.com, user638, example.com
alias_user639, alias.example.com, user639, example.com
alias_user640, alias.example.com, user640, example.com
alias_user641, alias.example.com, user641, example.com
alias_user642, alias.example.com, user642, example.com
alias_user643, alias.example.com, user643, example.com
alias_user644, alias.example.com, user644, example.com
alias_user645, alias.example.com, user645, example.com
alias_user646, alias.example.com, user646, example.com
alias_user647, alias.example.com, user647, example.com
alias_user648, alias.example.com, user648, example.com
alias_user649, alias.example.com, user649, example.com
alias_user650, alias.example.com, user650, example.com
alias_user651, alias.example.com, user651, example.com
alias_user652, alias.example.com, user652, example.com
alias_user653, alias.example.com, user653, example.com
alias_user654, alias.example.com, user654, example.com
alias_user655, alias.example.com, user655, example.com
alias_user656, alias.example.com, user656, example.com
alias_user657, alias.example.com, user657, example.com
alias_user658, alias.example.com, user658, example.com
alias_user659, alias.example.com, user659, example.com
alias_user660, alias.example.com, user660, example.com
alias_user661, alias.example.com, user661, example.com
alias_user662, alias.example.com, user662, example.com
alias_user663, alias.example.com, user663, example.com
alias_user664, alias.example.com, user664, example.com
alias_user665, alias.example.com, user665, example.com
alias_user666, alias.example.com, user666, example.com
alias_user667, alias.example.com, user667, example.com
alias_user668, alias.example.com, user668, example.com
alias_user669, alias.example.com, user669, example.com
alias_user670, alias.example.com, user670, example.com
alias_user671, alias.example.com, user671, example.com
alias_user672, alias.example.com, user672, example.com
alias_user673, alias.example.com, user673, example.com
alias_user674, alias.example.com, user674, example.com
alias_user675, alias.example.com, user675, example.com
alias_user676, alias.example.com, user676, example.com
alias_user677, alias.example.com, user677, example.com
alias_user678, alias.example.com, user678, example.com
alias_user679, alias.example.com, user679, example.com
alias_user680, alias.example.com, user680, example.com
alias_user681, alias.example.com, user681, example.com
alias_user682, alias.example.com, user682, example.com
alias_user683, alias.example.com, user683, example.com
alias_user684, alias.example.com, user684, example.com
alias_user685, alias.example.com, user685, example.com
alias_user686, alias.example.com, user686, example.com
alias_user687, alias.example.com, user687, example.com
alias_user688, alias.example.com, user688, example.com
alias_user689, alias.example.com, user689, example.com
alias_user690, alias.example.com, user690, example.com
alias_user691, alias.example.com, user691, example.com
alias_user692, alias.example.com, user692, example.com
alias_user693, alias.example.com, user693, example.com
alias_user694, alias.example.com, user694, example.com
alias_user695, alias.example.com, user695, example.com
alias_user696, alias.example.com, user696, example.com
alias_user697, alias.example.com, user697, example.com
alias_user698, alias.example.com, user698, example.com
alias_user699, alias.example.com, user699, example.com
alias_user700, alias.example.com, user700, example.com
alias_user701, alias.example.com, user701, example.com
alias_user702, alias.example.com, user702, example.com
alias_user703, alias.example.com, user703, example.com
alias_user704, alias.example.com, user704, example.com
alias_user705, alias.example.com, user705, example.com
alias_user706, alias.example.com, user706, example.com
alias_user707, alias.example.com, user707, example.com
alias_user708, alias.example.com, user708, example.com
alias_user709, alias.example.com, user709, example.com
alias_user710, alias.example.com, user710, example.com
alias_user711, alias.example.com, user711, example.com
alias_user712, alias.example.com, user712, example.com
alias_user713, alias.example.com, user713, example.com
alias_user714, alias.example.com, user714, example.com
alias_user715, alias.example.com, user715, example.com
alias_user716, alias.example.com, user716, example.com
alias_user717, alias.example.com, user717, example.com
alias_user718, alias.example.com, user718, example.com
alias_user719, alias.example.com, user719, example.com
alias_user720, alias.example.com, user720, example.com
alias_user721, alias.example.com, user721, example.com
alias_user722, alias.example.com, user722, example.com
alias_user723, alias.example.com, user723, example.com
alias_user724, alias.example.com, user724, example.com
alias_user725, alias.example.com, user725, example.com
alias_user726, alias.example.com, user726, example.com
alias_user727, alias.example.com, user727, example.com
alias_user728, alias.example.com, user728, example.com
alias_user729, alias.example.com, user729, example.com
alias_user730, alias.example.com, user730, example.com
alias_user731, alias.example.com, user731, example.com
alias_user732, alias.example.com, user732, example.com
alias_user733, alias.example.com, user733, example.com
alias_user734, alias.example.com, user734, example.com
alias_user735, alias.example.com, user735, example.com
alias_user736, alias.example.com, user736, example.com
alias_user737, alias.example.com, user737, example.com
alias_user738, alias.example.com, user738, example.com
alias_user739, alias.example.com, user739, example.com
alias_user740, alias.example.com, user740, example.com
alias_user741, alias.example.com, user741, example.com
alias_user742, alias.example.com, user742, example.com
alias_user743, alias.example.com, user743, example.com
alias_user744, alias.example.com, user744, example.com
alias_user745, alias.example.com, user745, example.com
alias_user746, alias.example.com, user746, example.com
alias_user747, alias.example.com, user747, example.com
alias_user748, alias.example.com, user748, example.com
alias_user749, alias.example.com, user749, example.com
alias_user750, alias.example.com, user750, example.com
alias_user751, alias.example.com, user751, example.com
alias_user752, alias.example.com, user752, example.com
alias_user753, alias.example.com, user753, example.com
alias_user754, alias.example.com, user754, example.com
alias_user755, alias.example.com, user755, example.com
alias_user756, alias.example.com, user756, example.com
alias_user757, alias.example.com, user757, example.com
alias_user758, alias.example.com, user758, example.com
alias_user759, alias.example.com, user759, example.com
alias_user760, alias.example.com, user760, example.com
alias_user761, alias.example.com, user761, example.com
alias_user762, alias.example.com, user762, example.com
alias_user763, alias.example.com, user763, example.com
alias_user764, alias.example.com, user764, example.com
alias_user765, alias.example.com, user765, example.com
alias_user766, alias.example.com, user766, example.com
alias_user767, alias.example.com, user767, example.com
alias_user768, alias.example.com, user768, example.com
alias_user769, alias.example.com, user769, example.com
alias_user770, alias.example.com, user770, example.com
alias_user771, alias.example.com, user771, example.com
alias_user772, alias.example.com, user772, example.com
alias_user773, alias.example.com, user773, example.com
alias_user774, alias.example.com, user774, example.com
alias_user775, alias.example.com, user775, example.com
alias_user776, alias.example.com, user776, example.com
alias_user777, alias.example.com, user777, example.com
alias_user778, alias.example.com, user778, example.com
alias_user779, alias.example.com, user779, example.com
alias_user780, alias.example.com, user780, example.com
alias_user781, alias.example.com, user781, example.com
alias_user782, alias.example.com, user782, example.com
alias_user783, alias.example.com, user783, example.com
alias_user784, alias.example.com, user784, example.com
alias_user785, alias.example.com, user785, example.com
alias_user786, alias.example.com, user786, example.com
alias_user787, alias.example.com, user787, example.com
alias_user788, alias.example.com, user788, example.com
alias_user789, alias.example.com, user789, example.com
alias_user790, alias.example.com, user790, example.com
alias_user791, alias.example.com, user791, example.com
alias_user792, alias.example.com, user792, example.com
alias_user793, alias.example.com, user793, example.com
alias_user794, alias.example.com, user794, example.com
alias_user795, alias.example.com, user795, example.com
alias_user796, alias.example.com, user796, example.com
alias_user797, alias.example.com, user797, example.com
alias_user798, alias.example.com, user798, example.com
alias_user799, alias.example.com, user799, example.com
alias_user800, alias.example.com, user800, example.com
alias_user801, alias.example.com, user801, example.com
alias_user802, alias.example.com, user802, example.com
alias_user803, alias.example.com, user803, example.com
alias_user804, alias.example.com, user804, example.com
alias_user805, alias.example.com, user805, example.com
alias_user806, alias.example.com, user806, example.com
alias_user807, alias.example.com, user807, example.com
alias_user808, alias.example.com, user808, example.com
alias_user809, alias.example.com, user809, example.com
alias_user810, alias.example.com, user810, example.com
alias_user811, alias.example.com, user811, example.com
alias_user812, alias.example.com, user812, example.com
alias_user813, alias.example.com, user813, example.com
alias_user814, alias.example.com, user814, example.com
alias_user815, alias.example.com, user815, example.com
alias_user816, alias.example.com, user816, example.com
alias_user817, alias.example.com, user817, example.com
alias_user818, alias.example.com, user818, example.com
alias_user819, alias.example.com, user819, example.com
alias_user820, alias.example.com, user820, example.com
alias_user821, alias.example.com, user821, example.com
alias_user822, alias.example.com, user822, example.com
alias_user823, alias.example.com, user823, example.com
alias_user824, alias.example.com, user824, example.com
alias_user825, alias.example.com, user825, example.com
alias_user826, alias.example.com, user826, example.com
alias_user827, alias.example.com, user827, example.com
alias_user828, alias.example.com, user828, example.com
alias_user829, alias.example.com, user829, example.com
alias_user830, alias.example.com, user830, example.com
alias_user831, alias.example.com, user831, example.com
alias_user832, alias.example.com, user832, example.com
alias_user833, alias.example.com, user833, example.com
alias_user834, alias.example.com, user834, example.com
alias_user835, alias.example.com, user835, example.com
alias_user836, alias.example.com, user836, example.com
alias_user837, alias.example.com, user837, example.com
alias_user838, alias.example.com, user838, example.com
alias_user839, alias.example.com, user839, example.com
alias_user840, alias.example.com, user840, example.com
alias_user841, alias.example.com, user841, example.com
alias_user842, alias.example.com, user842, example.com
alias_user843, alias.example.com, user843, example.com
alias_user844, alias.example.com, user844, example.com
alias_user845, alias.example.com, user845, example.com
alias_user846, alias.example.com, user846, example.com
alias_user847, alias.example.com, user847, example.com
alias_user848, alias.example.com, user848, example.com
alias_user849, alias.example.com, user849, example.com
alias_user850, alias.example.com, user850, example.com
alias_user851, alias.example.com, user851, example.com
alias_user852, alias.example.com, user852, example.com
alias_user853, alias.example.com, user853, example.com
alias_user854, alias.example.com, user854, example.com
alias_user855, alias.example.com, user855, example.com
alias_user856, alias.example.com, user856, example.com
alias_user857, alias.example.com, user857, example.com
alias_user858, alias.example.com, user858, example.com
alias_user859, alias.example.com, user859, example.com
alias_user860, alias.example.com, user860, example.com
alias_user861, alias.example.com, user861, example.com
alias_user862, alias.example.com, user862, example.com
alias_user863, alias.example.com, user863, example.com
alias_user864, alias.example.com, user864, example.com
alias_user865, alias.example.com, user865, example.com
alias_user866, alias.example.com, user866, example.com
alias_user867, alias.example.com, user867, example.com
alias_user868, alias.example.com, user868, example.com
alias_user869, alias.example.com, user869, example.com
alias_user870, alias.example.com, user870, example.com
alias_user871, alias.example.com, user871, example.com
alias_user872, alias.example.com, user872, example.com
alias_user873, alias.example.com, user873, example.com
alias_user874, alias.example.com, user874, example.com
alias_user875, alias.example.com, user875, example.com
alias_user876, alias.example.com, user876, example.com
alias_user877, alias.example.com, user877, example.com
alias_user878, alias.example.com, user878, example.com
alias_user879, alias.example.com, user879, example.com
alias_user880, alias.example.com, user880, example.com
alias_user881, alias.example.com, user881, example.com
alias_user882, alias.example.com, user882, example.com
alias_user883, alias.example.com, user883, example.com
alias_user884, alias.example.com, user884, example.com
alias_user885, alias.example.com, user885, example.com
alias_user886, alias.example.com, user886, example.com
alias_user887, alias.example.com, user887, example.com
alias_user888, alias.example.com, user888, example.com
alias_user889, alias.example.com, user889, example.com
alias_user890, alias.example.com, user890, example.com
alias_user891, alias.example.com, user891, example.com
alias_user892, alias.example.com, user892, example.com
alias_user893, alias.example.com, user893, example.com
alias_user894, alias.example.com, user894, example.com
alias_user895, alias.example.com, user895, example.com
alias_user896, alias.example.com, user896, example.com
alias_user897, alias.example.com, user897, example.com
alias_user898, alias.example.com, user898, example.com
alias_user899, alias.example.com, user899, example.com
alias_user900, alias.example.com, user900, example.com
alias_user901, alias.example.com, user901, example.com
alias_user902, alias.example.com, user902, example.com
alias_user903, alias.example.com, user903, example.com
alias_user904, alias.example.com, user904, example.com
alias_user905, alias.example.com, user905, example.com
alias_user906, alias.example.com, user906, example.com
alias_user907, alias.example.com, user907, example.com
alias_user908, alias.example.com, user908, example.com
alias_user909, alias.example.com, user909, example.com
alias_user910, alias.example.com, user910, example.com
alias_user911, alias.example.com, user911, example.com
alias_user912, alias.example.com, user912, example.com
alias_user913, alias.example.com, user913, example.com
alias_user914, alias.example.com, user914, example.com
alias_user915, alias.example.com, user915, example.com
alias_user916, alias.example.com, user916, example.com
alias_user917, alias.example.com, user917, example.com
alias_user918, alias.example.com, user918, example.com
alias_user919, alias.example.com, user919, example.com
alias_user920, alias.example.com, user920, example.com
alias_user921, alias.example.com, user921, example.com
alias_user922, alias.example.com, user922, example.com
alias_user923, alias.example.com, user923, example.com
alias_user924, alias.example.com, user924, example.com
alias_user925, alias.example.com, user925, example.com
alias_user926, alias.example.com, user926, example.com
alias_user927, alias.example.com, user927, example.com
alias_user928, alias.example.com, user928, example.com
alias_user929, alias.example.com, user929, example.com
alias_user930, alias.example.com, user930, example.com
alias_user931, alias.example.com, user931, example.com
alias_user932, alias.example.com, user932, example.com
alias_user933, alias.example.com, user933, example.com
alias_user934, alias.example.com, user934, example.com
alias_user935, alias.example.com, user935, example.com
alias_user936, alias.example.com, user936, example.com
alias_user937, alias.example.com, user937, example.com
alias_user938, alias.example.com, user938, example.com
alias_user939, alias.example.com, user939, example.com
alias_user940, alias.example.com, user940, example.com
alias_user941, alias.example.com, user941, example.com
alias_user942, alias.example.com, user942, example.com
alias_user943, alias.example.com, user943, example.com
alias_user944, alias.example.com, user944, example.com
alias_user945, alias.example.com, user945, example.com
alias_user946, alias.example.com, user946, example.com
alias_user947, alias.example.com, user947, example.com
alias_user948, alias.example.com, user948, example.com
alias_user949, alias.example.com, user949, example.com
alias_user950, alias.example.com, user950, example.com
alias_user951, alias.example.com, user951, example.com
alias_user952, alias.example.com, user952, example.com
alias_user953, alias.example.com, user953, example.com
alias_user954, alias.example.com, user954, example.com
alias_user955, alias.example.com, user955, example.com
alias_user956, alias.example.com, user956, example.com
alias_user957, alias.example.com, user957, example.com
alias_user958, alias.example.com, user958, example.com
alias_user959, alias.example.com, user959, example.com
alias_user960, alias.example.com, user960, example.com
alias_user961, alias.example.com, user961, example.com
alias_user962, alias.example.com, user962, example.com
alias_user963, alias.example.com, user963, example.com
alias_user964, alias.example.com, user964, example.com
alias_user965, alias.example.com, user965, example.com
alias_user966, alias.example.com, user966, example.com
alias_user967, alias.example.com, user967, example.com
alias_user968, alias.example.com, user968, example.com
alias_user969, alias.example.com, user969, example.com
alias_user970, alias.example.com, user970, example.com
alias_user971, alias.example.com, user971, example.com
alias_user990, alias.example.com, user990, example.comalias_user991, alias.example.com, user991, example.comalias_user992, alias.example.com, user992, example.comalias_user993, alias.example.com, user993, example.comalias_user994, alias.example.com, user994, example.comalias_user995, alias.example.com, user995, example.comalias_user996, alias.example.com, user996, example.comalias_user997, alias.example.com, user997, example.comalias_user998, alias.example.com, user998, example.comalias_user999, alias.example.com, user999, example.comample.com
alias_user982, alias.example.com, user982, example.com
alias_user983, alias.example.com, user983, example.com
alias_user984, alias.example.com, user984, example.com
alias_user985, alias.example.com, user985, example.com
alias_user986, alias.example.com, user986, example.com
alias_user987, alias.example.com, user987, example.com
alias_user988, alias.example.com, user988, example.com
alias_user989, alias.example.com, user989, example.com
alias_user990, alias.example.com, user990, example.com
alias_user991, alias.example.com, user991, example.com
alias_user992, alias.example.com, user992, example.com
alias_user993, alias.example.com, user993, example.com
alias_user994, alias.example.com, user994, example.com
alias_user995, alias.example.com, user995, example.com
alias_user996, alias.example.com, user996, example.com
alias_user997, alias.example.com, user997, example.com
alias_user998, alias.example.com, user998, example.com
alias_user999, alias.example.com, user999, example.com
