user0,example.com,password,user0@example.com,first name 0, last name 0
user1,example.com,password,user1@example.com,first name 1, last name 1
user2,example.com,password,user2@example.com,first name 2, last name 2
user3,example.com,password,user3@example.com,first name 3, last name 3
user4,example.com,password,user4@example.com,first name 4, last name 4
user5,example.com,password,user5@example.com,first name 5, last name 5
user6,example.com,password,user6@example.com,first name 6, last name 6
user7,example.com,password,user7@example.com,first name 7, last name 7
user8,example.com,password,user8@example.com,first name 8, last name 8
user9,example.com,password,user9@example.com,first name 9, last name 9
